Sample_ID,SVM_Score
GSM484380,1.0004595
GSM484382,0.9997346
GSM484383,1.0002947
GSM484385,0.9997288
GSM484386,0.999646
GSM484387,0.9999411
GSM484388,1.0003854
GSM484392,-1.0001988
GSM484393,-1.0003782
GSM484394,-0.999838
GSM484395,-0.9994358
GSM484397,-1.0001031
GSM484398,-1.0001183
GSM484400,-1.0001183
