Sample_ID,SVM_Score
GSM484368,0.9999977
GSM484369,0.9999962
GSM484370,0.9999961
GSM484371,1.0294314
GSM484372,0.9997244
GSM484373,1.2427106
GSM484374,0.9999828
GSM484375,0.9996184
GSM484376,0.9999472
GSM484377,1.2588718
GSM484378,1.0002475
GSM484379,1.0000251
GSM484381,-1.000297
GSM484384,-0.9997303
GSM484389,-0.9998665
GSM484390,-0.9998548
GSM484391,-1.0002208
GSM484396,-1.0000291
GSM484399,-0.9995369
